{
    "features": 706.5718097686768,
    "process_features_model_1": 2.493530511856079,
    "predict_and_compile_model_1": 1040.6676471233368,
    "relax_model_1": 6.816775798797607
}