{
    "features": 854.5808730125427,
    "process_features_model_1": 2.5323634147644043,
    "predict_and_compile_model_1": 937.9359073638916,
    "relax_model_1": 6.044029712677002
}