{
    "features": 758.4180808067322,
    "process_features_model_1": 2.521353006362915,
    "predict_and_compile_model_1": 938.2090885639191,
    "relax_model_1": 6.861843109130859
}