{
    "features": 796.9410722255707,
    "process_features_model_1": 2.4772982597351074,
    "predict_and_compile_model_1": 1130.1150221824646,
    "relax_model_1": 7.329800605773926
}