{
    "features": 755.2139375209808,
    "process_features_model_1": 2.517273187637329,
    "predict_and_compile_model_1": 1064.849913597107,
    "relax_model_1": 7.361843109130859
}