{
    "features": 737.148344039917,
    "process_features_model_1": 2.5226449966430664,
    "predict_and_compile_model_1": 1061.8058993816376,
    "relax_model_1": 7.424729108810425
}