{
    "features": 773.5373339653015,
    "process_features_model_1": 2.4872891902923584,
    "predict_and_compile_model_1": 1109.4862265586853,
    "relax_model_1": 6.522956371307373
}