{
    "features": 847.4386568069458,
    "process_features_model_1": 2.486187219619751,
    "predict_and_compile_model_1": 1201.3832902908325,
    "relax_model_1": 6.418689489364624
}