{
    "features": 774.1003630161285,
    "process_features_model_1": 2.4889676570892334,
    "predict_and_compile_model_1": 1056.3423247337341,
    "relax_model_1": 7.967906713485718
}