{
    "features": 736.9846985340118,
    "process_features_model_1": 2.443272590637207,
    "predict_and_compile_model_1": 931.6166710853577,
    "relax_model_1": 6.116650819778442
}