{
    "features": 792.5636029243469,
    "process_features_model_1": 2.417128324508667,
    "predict_and_compile_model_1": 905.1602144241333,
    "relax_model_1": 6.737008094787598
}