{
    "features": 939.8034491539001,
    "process_features_model_1": 3.1743268966674805,
    "predict_and_compile_model_1": 1100.7141234874725,
    "relax_model_1": 7.154881000518799
}