{
    "features": 727.0289931297302,
    "process_features_model_1": 2.4644131660461426,
    "predict_and_compile_model_1": 1157.1529681682587,
    "relax_model_1": 6.965106248855591
}