{
    "features": 836.4927206039429,
    "process_features_model_1": 2.405757427215576,
    "predict_and_compile_model_1": 931.765221118927,
    "relax_model_1": 6.083246469497681
}