{
    "features": 813.4110281467438,
    "process_features_model_1": 2.508099317550659,
    "predict_and_compile_model_1": 952.9930651187897,
    "relax_model_1": 7.678912401199341
}