{
    "features": 798.3744580745697,
    "process_features_model_1": 2.5276334285736084,
    "predict_and_compile_model_1": 1059.3315210342407,
    "relax_model_1": 6.899003267288208
}