{
    "features": 762.5787386894226,
    "process_features_model_1": 2.5603365898132324,
    "predict_and_compile_model_1": 958.7366571426392,
    "relax_model_1": 6.734827756881714
}