{
    "features": 740.054661989212,
    "process_features_model_1": 2.570600986480713,
    "predict_and_compile_model_1": 1065.9040079116821,
    "relax_model_1": 7.0936970710754395
}