{
    "features": 738.0304138660431,
    "process_features_model_1": 2.4046709537506104,
    "predict_and_compile_model_1": 1024.3610394001007,
    "relax_model_1": 6.609937906265259
}