{
    "features": 790.6596722602844,
    "process_features_model_1": 2.451749563217163,
    "predict_and_compile_model_1": 963.743087053299,
    "relax_model_1": 6.427551984786987
}