{
    "features": 749.9049296379089,
    "process_features_model_1": 2.4997012615203857,
    "predict_and_compile_model_1": 1103.0313885211945,
    "relax_model_1": 6.894138813018799
}