{
    "features": 730.6574664115906,
    "process_features_model_1": 2.496150255203247,
    "predict_and_compile_model_1": 1106.8722054958344,
    "relax_model_1": 7.277858018875122
}