{
    "features": 768.1683151721954,
    "process_features_model_1": 2.590562105178833,
    "predict_and_compile_model_1": 1049.796880722046,
    "relax_model_1": 6.775111675262451
}