{
    "features": 714.4405038356781,
    "process_features_model_1": 2.502171277999878,
    "predict_and_compile_model_1": 1101.2878704071045,
    "relax_model_1": 7.297175884246826
}