{
    "features": 775.2197370529175,
    "process_features_model_1": 2.45272159576416,
    "predict_and_compile_model_1": 1051.2842376232147,
    "relax_model_1": 6.6603333950042725
}