{
    "features": 729.6627719402313,
    "process_features_model_1": 2.5084447860717773,
    "predict_and_compile_model_1": 1060.1439995765686,
    "relax_model_1": 7.4926276206970215
}