{
    "features": 760.9896869659424,
    "process_features_model_1": 2.5006103515625,
    "predict_and_compile_model_1": 919.1204607486725,
    "relax_model_1": 6.598700761795044
}