{
    "features": 786.2236413955688,
    "process_features_model_1": 2.863084316253662,
    "predict_and_compile_model_1": 870.6961257457733,
    "relax_model_1": 6.969832181930542
}